text_id,cohesion,syntax,vocabulary,phraseology,grammar,conventions
0000C359D63E,3.1847396304496867,3.001286432544785,3.3228220477067443,3.218350242880279,2.9652972380059217,2.9396875921905834
000BAD50D026,2.9503855773156387,2.8077390404012563,2.9574055834417887,2.7707431424670994,2.683677910060616,2.867397687406858
00367BB2546B,3.407625544222894,3.2693432354436913,3.574573846609693,3.462363806265915,3.225119985242419,3.3689713844126987
